X_deg,Y_deg,GridCellArea,AUTO,Pop,CurrentHVLineDist,PlannedHVLineDist,TransformerDist,CurrentMVLineDist,PlannedMVLineDist,ResidentialDemandTierCustom,IsUrban,PerCapitaDemand,Productive_demand,Productive_nodes,AgriDemand,Conflict,CommercialDemand,NumPeoplePerHH,TotalEnergyPerCell,MG_Hydro2030,MG_PV2030,MG_Wind2030,MG_Diesel2030,SA_Diesel2030,SA_PV2030,Minimum_Tech_Off_grid2030,Minimum_LCOE_Off_grid2030
34.88229,-16.23275,584.54708,9758,219808.9616,0.18797,0.18797,3.13494,0.10716,0.10716,66.98611111,0,43.8,0,0,0,0,0,5.5,15836739.64,99,0.386548561,99,0.781966918,0.724996087,0.380054457,SA_PV2030,0.380054457
33.789,-13.93602,559.74321,10588,1207479.854,0.04924,0.04924,0.13347,0.13248,0.13248,553.5666667,2,423.4,0,0,0,0,0,5,1103764269,99,0.174466687,99,0.550020461,0.69147722,0.381341531,MG_PV2030,0.174466687
34.55318,-14.10731,553.47656,4201,296260.8153,4.67408,4.67408,1.90218,1.90479,1.90479,259.5381944,0,43.8,0,0,0,0,0,5.5,21344923.17,99,0.35212702,0.600701991,0.753379402,0.759353605,0.364416525,MG_PV2030,0.35212702
34.22809,-14.30203,523.31037,10683,214743.5829,2.556,2.556,3.91402,3.94501,3.94501,47.22222222,0,43.8,0,0,0,0,0,5.5,15471790.54,99,0.385413097,99,0.774219033,0.729186323,0.394313629,MG_PV2030,0.385413097
33.79044,-14.32128,380.73832,10716,165102.2946,30.05831,30.05831,2.39722,1.38185,1.38185,276.8888889,0,43.8,0,0,0,0,0,5.5,11895247.74,99,0.378439412,99,0.769631078,0.735051848,0.388483462,MG_PV2030,0.378439412
35.06293,-15.76484,362.10629,10906,984267.6116,3.58457,3.58457,0.72331,0.73323,0.73323,214.8194444,2,423.4,0,0,0,0,0,5,899724676.5,99,0.189034672,99,0.549549333,0.690639072,0.41595406,MG_PV2030,0.189034672
35.69116,-15.65118,280.19098,10883,170670.1539,49.36102,49.36102,2.83021,2.83021,2.83021,150.3333333,0,43.8,0,0,0,0,0,5.5,12296399.44,99,0.352831465,99,0.74321511,0.748459696,0.386767882,MG_PV2030,0.352831465
35.3955,-15.75902,173.19331,8438,58407.02824,20.8848,20.8848,5.13993,4.09792,4.09792,56.88888889,0,43.8,0,0,0,0,0,5.5,4208094.577,99,0.401345188,99,0.793568425,0.755163369,0.392155694,SA_PV2030,0.392155694
35.46638,-15.42748,96.11517,10807,57403.66283,15.66035,15.66035,1.02904,1.03117,1.03117,115.1746032,0,43.8,0,0,0,0,0,5.5,4135804.364,99,0.356829201,99,0.743218705,0.713264534,0.392937659,MG_PV2030,0.356829201
35.6699,-16.05238,86.18539,9479,72724.95621,12.33884,12.33884,0.30651,0.19017,0.19017,146.6944444,0,43.8,0,0,0,0,0,5.5,5239668.976,99,0.347766887,99,0.720533245,0.729186323,0.421740473,MG_PV2030,0.347766887
35.55441,-15.38853,82.62693,14964,41280.63549,24.43782,24.43782,2.07839,0.08986,0.08986,171.8194444,0,43.8,0,0,0,0,0,5.5,2974176.629,99,0.364233591,99,0.757116884,0.717454267,0.380788862,MG_PV2030,0.364233591
35.09891,-14.28538,80.83851,10446,126513.5333,3.52711,3.52711,0.40759,0.06517,0.06517,68.06018518,0,43.8,0,0,0,0,0,5.5,9115014.571,99,0.25380864,99,0.643565333,0.702370625,0.366279249,MG_PV2030,0.25380864
34.16743,-14.03602,80.05712,16746,36330.73935,6.24044,6.24044,6.30979,6.15688,6.15688,65.64930556,0,43.8,0,0,0,0,0,5.5,2617547.782,99,0.372253265,99,0.765752054,0.735051848,0.382451695,MG_PV2030,0.372253265
35.4811,-15.63319,71.88125,14805,30597.96171,30.19308,30.19308,4.56339,2.4973,2.4973,280.5416667,0,43.8,0,0,0,0,0,5.5,2204514.091,99,0.382017254,99,0.771271971,0.735889995,0.393329812,MG_PV2030,0.382017254
35.07463,-15.98069,70.74538,10947,69857.15885,6.08595,6.08595,0.98185,0.53716,0.53716,349.9444444,0,43.8,0,0,0,0,0,5.5,5033050.648,99,0.285116469,99,0.655745236,0.697342745,0.412255724,MG_PV2030,0.285116469
34.86833,-14.14792,70.50212,10635,39127.65422,7.51923,7.51923,2.84034,2.23067,2.23067,80.23611111,0,43.8,0,0,0,0,0,5.5,2819059.187,99,0.351627344,99,0.749842959,0.740917876,0.369195758,MG_PV2030,0.351627344
34.56608,-13.73599,65.50615,16863,39835.24604,12.64606,12.64606,0.57463,0.57463,0.57463,64.86772487,0,43.8,0,0,0,0,0,5.5,2870039.581,99,0.341047831,99,0.74439666,0.774437246,0.359267522,MG_PV2030,0.341047831
35.12946,-15.45273,61.90129,16361,7981.85532,12.26881,12.26881,7.60861,7.64141,7.64141,47.22222222,0,43.8,0,0,0,0,0,5.5,575074.6631,99,0.51893359,99,0.91629314,0.802928232,0.406515185,SA_PV2030,0.406515185
34.60502,-16.10142,58.92911,16128,31639.80594,21.09787,21.09787,1.42461,0.96904,0.96904,71.52777778,0,43.8,0,0,0,0,0,5.5,2279576.616,99,0.363906002,99,0.75232042,0.739242083,0.392155694,MG_PV2030,0.363906002
35.25762,-14.46712,49.1767,15310,79146.32113,1.44343,1.44343,0.66018,0.62921,0.62921,395.7109788,0,43.8,0,0,0,0,0,5.5,5702313.828,99,0.254681947,99,0.642455786,0.69147722,0.369715265,MG_PV2030,0.254681947
33.86594,-9.76872,45.9882,17060,39400.45979,18.92091,18.92091,0.83412,0.75556,0.75556,156.2777778,0,43.8,0,0,0,0,0,5.5,2838714.213,99,0.321094827,0.477000174,0.720965315,0.76270519,0.362073011,MG_PV2030,0.321094827
35.13467,-16.06983,43.08377,10971,32443.37338,8.98396,8.98396,0.40403,0.23579,0.23579,415.6944444,0,43.8,0,0,0,0,0,5.5,2337471.837,99,0.29439588,99,0.6647919,0.704884566,0.415077906,MG_PV2030,0.29439588
34.11201,-14.15874,35.40335,16708,26258.51261,0.13279,0.13279,1.52904,0.55954,0.55954,149.9047619,0,43.8,0,0,0,0,0,5.5,1891866.576,99,0.33901867,99,0.728022058,0.710750594,0.383942009,MG_PV2030,0.33901867
35.17489,-15.39353,4.3226,15013,3573.68425,12.47914,12.47914,0.7498,0.37894,0.37894,101.3611111,0,43.8,0,0,0,0,0,5.5,257475.8855,99,0.34091462,99,0.72094847,0.708236653,0.403188207,MG_PV2030,0.34091462
33.90547,-13.50836,4.30113,15909,2067.13797,27.33472,27.33472,2.68663,0.98911,0.98911,84.70833333,0,43.8,0,0,0,0,0,5.5,148932.6258,99,0.365559595,99,0.760845736,0.731700263,0.377144949,MG_PV2030,0.365559595
35.13595,-15.71484,4.28504,14777,4913.47474,2.1976,2.1976,1.84566,1.55091,1.55091,229.4027778,0,43.8,0,0,0,0,0,5.5,354004.7668,99,0.278906658,99,0.651442749,0.698180893,0.407145116,MG_PV2030,0.278906658
34.75598,-14.74042,4.20485,15246,2166.3976,5.42272,5.42272,4.97877,4.78798,4.78798,107.375,0,43.8,0,0,0,0,0,5.5,156084.0582,99,0.365298259,99,0.757195521,0.779465126,0.388483462,MG_PV2030,0.365298259
35.46902,-16.0091,4.20425,10473,7806.83336,2.62279,2.62279,0.95453,0.19423,0.19423,181.6388889,0,43.8,0,0,0,0,0,5.5,562464.7259,99,0.262319414,99,0.640124733,0.714102681,0.394313629,MG_PV2030,0.262319414
35.04289,-15.18911,4.16685,15108,1861.10381,17.91864,17.91864,2.51289,2.47166,2.47166,129.6111111,0,43.8,0,0,0,0,0,5.5,134088.3296,99,0.375609515,99,0.767544658,0.745945756,0.387338056,MG_PV2030,0.375609515
35.44158,-15.60052,4.14652,14849,1699.01903,24.56232,24.56232,6.51492,5.54431,5.54431,147.5416667,0,43.8,0,0,0,0,0,5.5,122410.4869,99,0.385876838,99,0.774864544,0.741756023,0.395104233,MG_PV2030,0.385876838
33.9069,-14.08768,4.13729,14378,10416.01343,1.82615,1.82615,0.36474,0.11971,0.11971,356.4184028,0,43.8,0,0,0,0,0,5.5,750450.2618,99,0.252440267,99,0.633274704,0.698180893,0.38469153,MG_PV2030,0.252440267
35.06664,-16.62237,4.12339,14395,1520.77684,7.7017,7.7017,3.05281,3.05452,3.05452,28.91666667,0,43.8,0,0,0,0,0,5.5,109568.5394,99,0.394124116,99,0.784968975,0.754325724,0.393722749,SA_PV2030,0.393722749
34.58709,-14.81915,4.11182,15219,2310.12064,5.78245,5.78245,0.68863,0.53162,0.53162,250.7291667,0,43.8,0,0,0,0,0,5.5,166438.9789,99,0.361889097,99,0.749699032,0.76019125,0.394906285,MG_PV2030,0.361889097
35.29632,-14.78026,4.1069,15230,708.37841,9.16375,9.16375,11.28064,11.243,11.243,35.67777778,0,43.8,0,0,0,0,0,5.5,51037.06584,99,0.469339569,99,0.871706883,0.76019125,0.383195403,SA_PV2030,0.383195403
35.60107,-16.07261,4.10127,9511,2236.58923,5.65064,5.65064,0.48634,0.50489,0.50489,165.8055556,0,43.8,0,0,0,0,0,5.5,161141.2067,99,0.373185074,99,0.750432836,0.722482147,0.416173677,MG_PV2030,0.373185074
34.47446,-13.60556,4.09969,15860,860.96456,14.10079,14.10079,5.03872,5.04162,5.04162,63.33333333,0,43.8,0,0,0,0,0,5.5,62030.55361,99,0.437348921,99,0.846198697,0.763543337,0.363911793,SA_PV2030,0.363911793
33.72111,-13.84122,4.09966,10480,6214.60523,2.02806,2.02806,4.37391,4.3847,4.3847,83.89285714,0,43.8,0,0,0,0,0,5.5,447748.2823,99,0.261272389,99,0.644026239,0.694828805,0.381895806,MG_PV2030,0.261272389
35.42496,-15.9147,4.09368,14654,3708.66189,12.06331,12.06331,4.25839,4.21899,4.21899,148.2222222,0,43.8,0,0,0,0,0,5.5,267200.7198,99,0.328988079,99,0.715600071,0.714102681,0.387528488,MG_PV2030,0.328988079
34.52074,-14.13523,4.08708,15547,2666.94522,1.15464,1.15464,2.19743,0.09556,0.09556,81.59722222,0,43.8,0,0,0,0,0,5.5,192147.3846,99,0.341439407,99,0.738562584,0.755163369,0.37093315,MG_PV2030,0.341439407
34.28883,-13.50333,4.07463,15902,4825.24369,4.10135,4.10135,2.27594,0.16201,0.16201,185.0347222,0,43.8,0,0,0,0,0,5.5,347647.9187,99,0.262269319,99,0.652637509,0.749297844,0.370584365,MG_PV2030,0.262269319
35.51051,-15.5597,4.05863,14877,3027.95704,27.63681,27.63681,2.28796,2.30435,2.30435,266.3611111,0,43.8,0,0,0,0,0,5.5,218157.4715,99,0.342215382,99,0.728286475,0.726672382,0.392155694,MG_PV2030,0.342215382
34.26901,-13.45159,4.05464,15934,6818.72749,3.79445,3.79445,1.4946,1.09648,1.09648,68.17460318,0,43.8,0,0,0,0,0,5.5,491273.9278,99,0.254566223,99,0.643998258,0.754325724,0.371632694,MG_PV2030,0.254566223
34.29588,-11.61298,4.04536,16003,10925.99455,1.07031,1.07031,0.54637,0.1288,0.1288,420.7708333,0,43.8,0,0,0,0,0,5.5,787193.2506,99,0.251564989,0.463087634,0.632554579,0.712426386,0.385443982,MG_PV2030,0.251564989
35.0961,-16.34838,4.01546,14447,6050.49303,17.56236,17.56236,1.20698,0.68163,0.68163,39.66666667,0,43.8,0,0,0,0,0,5.5,435924.3686,99,0.263514591,99,0.645884036,0.736728143,0.386767882,MG_PV2030,0.263514591
33.941,-14.31452,4.00915,15416,2173.5778,24.93296,24.93296,5.84223,4.63622,4.63622,254.9722222,0,43.8,0,0,0,0,0,5.5,156601.3754,99,0.362373329,99,0.751774362,0.744269964,0.390214329,MG_PV2030,0.362373329
35.30275,-15.3163,3.98594,16405,219.58089,8.17174,8.17174,4.20663,4.20598,4.20598,79.35714286,0,43.8,0,0,0,0,0,5.5,15820.3076,99,0.679778687,99,1.07984718,0.701532981,0.420839799,SA_PV2030,0.420839799
34.80531,-15.39218,3.95809,15002,2932.57582,5.32327,5.32327,5.70416,2.93205,2.93205,112.187037,0,43.8,0,0,0,0,0,5.5,211285.4699,99,0.339407623,99,0.728845358,0.729186323,0.38469153,MG_PV2030,0.339407623
34.32008,-13.59445,3.95381,15867,6312.22069,1.83835,1.83835,0.8896,0.80188,0.80188,210.9642857,0,43.8,0,0,0,0,0,5.5,454781.2559,99,0.254707955,99,0.644837222,0.745107608,0.369368765,MG_PV2030,0.254707955
35.32898,-15.92121,3.93777,11524,3306.04066,6.2033,6.2033,1.29217,1.3029,1.3029,257.125,0,43.8,0,0,0,0,0,5.5,238192.7688,99,0.336021802,99,0.720161202,0.712426386,0.393919512,MG_PV2030,0.336021802
34.23026,-11.65229,3.92451,16002,5136.8382,5.52556,5.52556,2.10933,0.0205,0.0205,66.51587302,0,43.8,0,0,0,0,0,5.5,370097.6,99,0.267369826,99,0.64851508,0.714102681,0.388100908,MG_PV2030,0.267369826
33.80364,-13.48514,3.92386,16942,3046.39433,23.45197,23.45197,5.14763,5.18718,5.18718,255.6666667,0,43.8,0,0,0,0,0,5.5,219485.8367,99,0.333408012,99,0.725862857,0.730862115,0.377325488,MG_PV2030,0.333408012
35.45491,-15.58019,3.91288,14860,2658.5595,24.30666,24.30666,4.75484,4.56157,4.56157,98.04365079,0,43.8,0,0,0,0,0,5.5,191543.2124,99,0.349299353,99,0.734687843,0.729186323,0.395104233,MG_PV2030,0.349299353
34.67536,-16.23131,3.90989,14474,4105.14744,19.84457,19.84457,1.72848,1.72544,1.72544,77.97222222,0,43.8,0,0,0,0,0,5.5,295766.609,99,0.32392447,99,0.708001764,0.735889995,0.393919512,MG_PV2030,0.32392447
35.47078,-15.82973,3.88765,14713,1063.17512,24.64412,24.64412,6.6259,6.29879,6.29879,32.22222222,0,43.8,0,0,0,0,0,5.5,76599.36813,99,0.420274017,99,0.814090334,0.728348175,0.38982836,SA_PV2030,0.38982836
33.51639,-14.01523,3.87846,15622,5003.86847,22.02332,9.11211,0.83241,0.53716,0.53716,241.2222222,0,43.8,0,0,0,0,0,5.5,360517.431,99,0.265355779,99,0.648756697,0.710750594,0.382637352,MG_PV2030,0.265355779
34.36059,-14.34898,3.87064,10445,5865.73932,3.60049,3.60049,3.47469,1.11739,1.11739,83.90277778,0,43.8,0,0,0,0,0,5.5,422613.2808,99,0.270488435,99,0.645779016,0.737565788,0.403188207,MG_PV2030,0.270488435
33.91452,-13.8195,3.83298,15710,2360.93493,1.89678,1.89678,0.43404,0.30773,0.30773,232.3531746,0,43.8,0,0,0,0,0,5.5,170100.0338,99,0.348000632,99,0.740591185,0.704046921,0.377325488,MG_PV2030,0.348000632
33.69736,-9.99546,3.83206,16045,1866.47364,11.91523,11.91523,12.70189,8.33586,8.33586,103.5185185,0,43.8,0,0,0,0,0,5.5,134475.2137,99,0.368142678,99,0.764033117,0.836447602,0.385443982,MG_PV2030,0.368142678
35.2269,-15.4959,3.82728,14930,7496.17635,0.96619,0.96619,0.25937,0.26578,0.26578,271.2718254,0,43.8,0,0,0,0,0,5.5,540082.5894,99,0.267994235,99,0.638284563,0.697342745,0.409897527,MG_PV2030,0.267994235
35.16143,-16.50274,3.81946,14421,4340.44596,9.25684,9.25684,1.59723,1.06573,1.06573,100.7027778,0,43.8,0,0,0,0,0,5.5,312719.3363,99,0.314756247,99,0.703596718,0.733376055,0.381895806,MG_PV2030,0.314756247
33.60162,-13.78955,3.79315,15746,4618.31692,3.29231,3.29231,9.22663,9.23711,9.23711,224.8240741,0,43.8,0,0,0,0,0,5.5,332739.3119,99,0.312228438,99,0.699915171,0.731700263,0.383755085,MG_PV2030,0.312228438
33.70541,-13.46382,2.75685,1792,3864.20349,14.59364,14.59364,2.96895,2.85517,2.85517,213.6041667,0,43.8,0,0,0,0,0,5.5,278407.1411,99,0.262822872,99,0.648432064,0.755163369,0.381341531,MG_PV2030,0.262822872
35.07894,-15.53268,2.75615,14914,1023.91307,11.06219,11.06219,5.34091,5.4142,5.4142,91.26388889,0,43.8,0,0,0,0,0,5.5,73770.62603,99,0.398851541,99,0.784326021,0.755163369,0.406096313,MG_PV2030,0.398851541
34.84436,-14.42629,2.74878,4871,1570.88951,11.79404,11.79404,19.41841,19.41841,19.41841,53.55555556,0,43.8,0,0,0,0,0,5.5,113179.0442,99,0.358007037,99,0.747967061,0.749297844,0.388675022,MG_PV2030,0.358007037
34.3184,-14.11456,2.72894,15560,2560.0424,10.12327,10.12327,6.74579,6.72054,6.72054,228.1388889,0,43.8,0,0,0,0,0,5.5,184445.2777,99,0.326673367,99,0.717095722,0.80125244,0.386578197,MG_PV2030,0.326673367
33.6583,-13.52729,2.72668,15898,1774.0373,6.94107,6.94107,3.08121,3.09942,3.09942,329.8732639,0,43.8,0,0,0,0,0,5.5,127815.384,99,0.346691977,99,0.737741898,0.730023967,0.382637352,MG_PV2030,0.346691977
33.58335,-13.70368,2.72662,15802,3354.46782,9.30607,9.30607,1.51514,1.53435,1.53435,232.5115741,0,43.8,0,0,0,0,0,5.5,241681.8364,99,0.268147047,99,0.651187832,0.739242083,0.386388698,MG_PV2030,0.268147047
34.4766,-13.76455,2.72393,15757,2367.38941,2.70447,2.70447,1.33958,1.35698,1.35698,173.4305556,0,43.8,0,0,0,0,0,5.5,170565.0645,99,0.320503232,99,0.719747183,0.754325724,0.362572651,MG_PV2030,0.320503232
34.7134,-14.46014,2.71369,10452,1018.60709,7.04582,7.04582,8.18831,6.87222,6.87222,63.76388889,0,43.8,0,0,0,0,0,5.5,73388.34214,99,0.388464386,99,0.783605188,0.761029397,0.384129115,SA_PV2030,0.384129115
33.85111,-11.02167,2.70961,16022,19463.99969,10.423,10.423,0.29313,0.22089,0.22089,506.2777778,0,43.8,0,0,0,0,0,5.5,1402337.253,99,0.232074026,99,0.618983857,0.724996087,0.370410218,MG_PV2030,0.232074026
34.85683,-15.00275,2.70853,15154,4453.73166,1.19229,1.19229,0.47379,0.46099,0.46099,253.5763889,0,43.8,0,0,0,0,0,5.5,320881.3154,99,0.262004921,99,0.643835084,0.737565788,0.387719107,MG_PV2030,0.262004921
35.81027,-15.83101,2.70827,14709,2252.98611,36.42331,36.42331,5.49251,5.13148,5.13148,38.625,0,43.8,0,0,0,0,0,5.5,162322.5649,99,0.337404308,99,0.723196964,0.77276095,0.395898013,MG_PV2030,0.337404308
34.70158,-14.94635,2.70353,10460,1561.1026,12.13061,12.13061,5.85702,5.85702,5.85702,84.25132275,0,43.8,0,0,0,0,0,5.5,112473.9194,99,0.361454045,99,0.74797853,0.768571218,0.398298607,MG_PV2030,0.361454045
33.83041,-13.71766,2.6989,15786,3631.37885,9.14628,9.14628,0.55453,0.60917,0.60917,188.1527778,0,43.8,0,0,0,0,0,5.5,261632.6512,99,0.306555644,99,0.693766207,0.704046921,0.381341531,MG_PV2030,0.306555644
35.36929,-15.47572,2.67828,7709,4219.09986,9.79143,9.79143,2.90949,2.85652,2.85652,265.1027778,0,43.8,0,0,0,0,0,5.5,303976.6237,99,0.26980713,99,0.644504293,0.729186323,0.403601098,MG_PV2030,0.26980713
35.05396,-15.92333,2.66809,16208,3362.29598,2.87267,2.87267,0.58116,0.21526,0.21526,354.0444444,0,43.8,0,0,0,0,0,5.5,242245.8377,99,0.280340689,99,0.64879776,0.6965051,0.41595406,MG_PV2030,0.280340689
35.5697,-14.50013,2.64082,15313,4476.06312,7.78859,7.78859,2.02454,2.06081,2.06081,71.53703704,0,43.8,0,0,0,0,0,5.5,322490.2467,99,0.271505184,99,0.643612273,0.749297844,0.411180461,MG_PV2030,0.271505184
33.91021,-14.41478,2.63579,12966,1947.88963,32.84207,32.84207,4.13736,3.7767,3.7767,197.6111111,0,43.8,0,0,0,0,0,5.5,140341.052,99,0.342791771,99,0.730280685,0.76019125,0.392155694,MG_PV2030,0.342791771
34.04735,-14.07017,2.61822,15588,2915.81501,3.94288,3.94288,1.28428,0.45053,0.45053,153.1388889,0,43.8,0,0,0,0,0,5.5,210077.8913,99,0.315355628,99,0.703823758,0.712426386,0.380972907,MG_PV2030,0.315355628
34.94416,-16.47428,2.61742,10194,3458.75227,4.03466,4.03466,3.88276,3.89607,3.89607,73.7037037,0,43.8,0,0,0,0,0,5.5,249195.2957,99,0.311631185,99,0.69633157,0.745107608,0.391182603,MG_PV2030,0.311631185
33.73317,-14.44057,2.61577,4893,1878.54964,51.73568,51.73568,7.98976,7.91609,7.91609,186.4305556,0,43.8,0,0,0,0,0,5.5,135345.2622,99,0.344127962,99,0.732117543,0.758515457,0.391182603,MG_PV2030,0.344127962
34.93906,-14.85714,2.61063,10771,2683.70316,5.67328,5.67328,3.97462,3.9677,3.9677,210.1309524,0,43.8,0,0,0,0,0,5.5,193354.7564,99,0.322991174,99,0.710377471,0.76521913,0.389250837,MG_PV2030,0.322991174
35.34067,-15.51368,2.61042,14926,2571.41799,9.96243,9.96243,5.47665,5.47665,5.47665,254.1785714,0,43.8,0,0,0,0,0,5.5,185264.8633,99,0.331515766,99,0.711116459,0.724158442,0.403807861,MG_PV2030,0.331515766
34.31279,-11.65401,2.60388,14217,3432.81923,3.42997,3.42997,3.921,3.94368,3.94368,81.24074074,0,43.8,0,0,0,0,0,5.5,247326.8787,99,0.308122208,0.494152161,0.695523059,0.722482147,0.382823188,MG_PV2030,0.308122208
34.5809,-14.88174,2.59284,15185,2536.93509,12.62989,12.62989,0.86853,0.21295,0.21295,187.6944444,0,43.8,0,0,0,0,0,5.5,182780.4481,99,0.327595387,99,0.713762345,0.779465126,0.393919512,MG_PV2030,0.327595387
34.45936,-14.48626,2.58299,5055,3385.63548,4.1148,4.1148,0.89536,0.53623,0.53623,238.5659722,0,43.8,0,0,0,0,0,5.5,243927.396,99,0.269343477,99,0.651182714,0.780302771,0.392741876,MG_PV2030,0.269343477
34.53414,-14.50147,2.57798,15312,2590.70525,1.35381,1.35381,4.96023,4.98698,4.98698,199.2604167,0,43.8,0,0,0,0,0,5.5,186654.4668,99,0.33486949,99,0.712579986,0.787844591,0.413987891,MG_PV2030,0.33486949
34.60927,-14.32753,2.56786,13050,535.24678,8.58748,8.58748,5.80851,5.61598,5.61598,51.08888889,0,43.8,0,0,0,0,0,5.5,38563.32261,99,0.444399924,99,0.846991763,0.76019125,0.378230779,SA_PV2030,0.378230779
35.08714,-15.41919,2.56262,14986,717.67132,18.18609,18.18609,3.44153,3.44153,3.44153,47.22222222,0,43.8,0,0,0,0,0,5.5,51706.59904,99,0.420188312,99,0.812036377,0.740917876,0.395104233,SA_PV2030,0.395104233
34.01092,-14.38558,2.54283,15392,3302.92772,21.55068,21.55068,4.51436,0.56118,0.56118,224.25,0,43.8,0,0,0,0,0,5.5,237968.4885,99,0.313007799,99,0.697218964,0.745945756,0.392546287,MG_PV2030,0.313007799
33.8107,-9.80129,2.53631,14350,2099.324,13.05323,13.05323,1.88341,1.90876,1.90876,50.12962963,0,43.8,0,0,0,0,0,5.5,151251.5567,99,0.324956995,99,0.723853714,0.781140919,0.366449532,MG_PV2030,0.324956995
34.65373,-15.39459,2.52477,7476,5926.54279,19.94475,0.33749,0.07303,0.12738,0.12738,249.4930556,0,43.8,0,0,0,0,0,5.5,426994.0336,99,0.263118624,99,0.637082823,0.758515457,0.406515185,MG_PV2030,0.263118624
33.98642,-14.28262,2.50006,15436,3163.80482,18.83976,18.83976,0.14167,0.18593,0.18593,266.2400794,0,43.8,0,0,0,0,0,5.5,227944.9975,99,0.269271702,99,0.65015784,0.732537908,0.390601063,MG_PV2030,0.269271702
33.92709,-9.93738,2.49108,16054,21839.99036,0.73364,0.73364,0.07944,0.05847,0.05847,466.9761905,0,43.8,0,0,0,0,0,5.5,1573522.019,99,0.224737478,0.447935849,0.61878358,0.771923306,0.357962282,MG_PV2030,0.224737478
35.35748,-15.91451,2.48455,14656,3364.78015,9.30728,9.30728,0.22806,0.14742,0.14742,216.0225694,0,43.8,0,0,0,0,0,5.5,242424.8165,99,0.268140218,99,0.647289223,0.705722713,0.391765877,MG_PV2030,0.268140218
35.28186,-15.08757,2.48208,15129,1864.80653,3.78391,3.78391,4.20085,1.84553,1.84553,61.61111111,0,43.8,0,0,0,0,0,5.5,134355.1022,99,0.341285599,99,0.727380658,0.715778474,0.390988564,MG_PV2030,0.341285599
35.50471,-15.27895,2.47976,10793,997.99302,22.50242,22.50242,4.20867,4.11376,4.11376,66.55555556,0,43.8,0,0,0,0,0,5.5,71903.14492,99,0.381559953,99,0.775643666,0.721644502,0.381710869,MG_PV2030,0.381559953
35.51548,-15.69521,2.4669,10468,1365.9179,35.82346,35.82346,2.86846,2.61113,2.61113,91.11111111,0,43.8,0,0,0,0,0,5.5,98411.30222,99,0.362059814,99,0.750225563,0.745945756,0.392937659,MG_PV2030,0.362059814
34.25652,-14.07853,2.46232,15583,2459.38321,8.86402,8.86402,0.30028,0.21506,0.21506,147.4777778,0,43.8,0,0,0,0,0,5.5,177193.0102,99,0.270397565,99,0.656942099,0.735051848,0.378958146,MG_PV2030,0.270397565
34.74069,-14.75199,2.46219,15241,1653.34945,7.54586,7.54586,6.96049,6.86219,6.86219,155.2777778,0,43.8,0,0,0,0,0,5.5,119120.0968,99,0.34776706,99,0.737451877,0.776951186,0.38982836,MG_PV2030,0.34776706
34.64282,-14.67443,2.45717,5512,3582.57098,7.75059,7.75059,7.19982,7.06919,7.06919,270.0138889,0,43.8,0,0,0,0,0,5.5,258116.1543,99,0.310334547,99,0.692820305,0.775274891,0.398298607,MG_PV2030,0.310334547
34.32651,-13.01613,2.45262,10432,4988.63802,2.86237,2.86237,2.67414,2.74923,2.74923,286.1284722,0,43.8,0,0,0,0,0,5.5,359420.1115,99,0.248981655,0.386452344,0.641489675,0.795386412,0.367645963,MG_PV2030,0.248981655
34.97603,-16.31748,2.4516,14459,772.0354,8.23085,8.23085,9.85216,8.85802,8.85802,9.8,0,43.8,0,0,0,0,0,5.5,55623.40832,99,0.401609316,99,0.800283167,0.752649429,0.378230779,SA_PV2030,0.378230779
33.73072,-13.58859,2.44241,15866,1830.29838,11.35952,11.35952,2.39977,0.71248,0.71248,160.0138889,0,43.8,0,0,0,0,0,5.5,131868.8678,99,0.337108802,99,0.727514772,0.714940326,0.380972907,MG_PV2030,0.337108802
35.59993,-16.02684,2.4417,10475,3380.38697,5.39033,5.39033,3.68777,3.69021,3.69021,277.3194444,0,43.8,0,0,0,0,0,5.5,243549.2527,99,0.289169959,99,0.647616069,0.727510027,0.441587084,MG_PV2030,0.289169959
34.08887,-12.49941,2.43768,15977,2186.74617,0.24091,0.24091,1.81384,1.81384,1.81384,91.44444444,0,43.8,0,0,0,0,0,5.5,157550.1267,99,0.325197228,99,0.718996902,0.782816711,0.377506199,MG_PV2030,0.325197228
33.47934,-13.03917,2.43248,1384,17891.31961,0.06996,0.06996,0.11811,0.0733,0.0733,546.4900794,0,43.8,0,0,0,0,0,5.5,1289029.203,99,0.236162144,99,0.619714179,0.749297844,0.380421305,MG_PV2030,0.236162144
34.64523,-16.25118,2.4316,16123,2399.57644,23.48233,23.48233,5.62422,5.62512,5.62512,58.875,0,43.8,0,0,0,0,0,5.5,172884.0674,99,0.328430852,99,0.711835194,0.744269964,0.396894735,MG_PV2030,0.328430852
34.73925,-14.61839,2.42704,15283,2602.33,0.83178,0.83178,0.81132,0.17524,0.17524,218.875,0,43.8,0,0,0,0,0,5.5,187492.0038,99,0.271523947,99,0.655711708,0.756001517,0.386010257,MG_PV2030,0.271523947
35.35791,-15.30419,2.42186,16414,1631.46017,9.68931,9.68931,0.53839,0.56892,0.56892,88.0787037,0,43.8,0,0,0,0,0,5.5,117543.0235,99,0.364644975,99,0.733979155,0.697342745,0.429320776,MG_PV2030,0.364644975
33.56207,-14.11956,2.41716,13340,1516.02981,27.4307,19.43225,6.40373,3.4071,3.4071,115.9722222,0,43.8,0,0,0,0,0,5.5,109226.5266,99,0.349822342,99,0.740246153,0.727510027,0.384316404,MG_PV2030,0.349822342
35.41172,-15.96715,2.4166,9200,1769.62134,6.09889,6.09889,1.899,0.03316,0.03316,147.0416667,0,43.8,0,0,0,0,0,5.5,127497.224,99,0.341762993,99,0.728833643,0.709912446,0.388483462,MG_PV2030,0.341762993
34.1699,-12.62646,2.38981,1212,5650.03183,2.34772,2.34772,0.03925,0.05559,0.05559,260.1296296,0,43.8,0,0,0,0,0,5.5,407072.0429,99,0.247373574,0.394415463,0.637833305,0.780302771,0.370410218,MG_PV2030,0.247373574
33.93067,-14.24997,2.38938,13137,2486.18557,18.53716,18.53716,6.72707,6.73321,6.73321,95.34722222,0,43.8,0,0,0,0,0,5.5,179124.0597,99,0.322284153,99,0.708468627,0.735051848,0.389058709,MG_PV2030,0.322284153
34.80528,-15.98887,2.38388,9256,2708.06148,2.95131,2.95131,0.39979,0.2931,0.2931,102.5555556,0,43.8,0,0,0,0,0,5.5,195109.7183,99,0.317375428,99,0.702863071,0.714940326,0.387909913,MG_PV2030,0.317375428
35.19921,-16.6453,2.38361,14394,3981.40435,1.60667,1.60667,2.07885,1.39876,1.39876,122.6666667,0,43.8,0,0,0,0,0,5.5,286851.1986,99,0.259390508,99,0.644360618,0.759353605,0.382451695,MG_PV2030,0.259390508
34.42285,-14.3517,2.37928,15405,2797.88795,2.96663,2.96663,0.3825,0.40681,0.40681,118.7638889,0,43.8,0,0,0,0,0,5.5,201581.5128,99,0.273827448,99,0.652899151,0.750973636,0.396894735,MG_PV2030,0.273827448
35.40544,-15.39687,2.37401,15004,2120.67249,8.52348,8.52348,0.11433,0.04371,0.04371,170.9940476,0,43.8,0,0,0,0,0,5.5,152789.6672,99,0.285215312,99,0.658805147,0.6965051,0.405887201,MG_PV2030,0.285215312
35.30731,-14.87684,2.36413,12560,870.56715,10.04298,10.04298,9.3342,9.305,9.305,87.27222222,0,43.8,0,0,0,0,0,5.5,62722.39855,99,0.391662548,99,0.784944388,0.750135489,0.387719107,SA_PV2030,0.387719107
35.25921,-15.45735,2.35893,12079,1060.55319,0.8659,0.8659,0.23247,0.28315,0.28315,94.48611111,0,43.8,0,0,0,0,0,5.5,76410.46399,99,0.311139972,99,0.684872479,0.699856685,0.410537992,MG_PV2030,0.311139972
35.4018,-15.51167,2.35119,14925,2256.79454,15.04523,15.04523,4.86593,4.8705,4.8705,151.4166667,0,43.8,0,0,0,0,0,5.5,162596.9537,99,0.330510287,99,0.712610089,0.724158442,0.398298607,MG_PV2030,0.330510287
34.0257,-14.08962,2.34152,15576,2249.62905,1.26203,1.26203,1.61824,0.98115,0.98115,242.9444444,0,43.8,0,0,0,0,0,5.5,162080.6963,99,0.324008021,99,0.711870903,0.707398506,0.383381782,MG_PV2030,0.324008021
35.41325,-15.6485,2.34109,14817,2000.12245,25.45165,25.45165,2.2704,0.52897,0.52897,210.6892361,0,43.8,0,0,0,0,0,5.5,144104.3088,99,0.335198457,99,0.720692384,0.751811784,0.394313629,MG_PV2030,0.335198457
34.08482,-13.85941,2.3317,15684,1590.95361,14.50525,14.50525,10.32741,10.03988,10.03988,92.68148148,0,43.8,0,0,0,0,0,5.5,114624.6173,99,0.341732813,99,0.735731886,0.761867545,0.378230779,MG_PV2030,0.341732813
34.88236,-14.21293,2.32649,15469,1949.18971,1.9425,1.9425,0.27216,0.10732,0.10732,53.05555556,0,43.8,0,0,0,0,0,5.5,140434.7199,99,0.328651734,99,0.720530092,0.718292414,0.376604369,MG_PV2030,0.328651734
35.85828,-14.9777,2.32125,15160,5036.50361,64.05254,64.05254,7.44567,7.44567,7.44567,133.3333333,0,43.8,0,0,0,0,0,5.5,362868.7192,99,0.289048826,99,0.675513978,0.766895425,0.385255593,MG_PV2030,0.289048826
35.00725,-13.71248,2.3166,15794,2067.55223,42.2749,42.2749,4.11293,4.11558,4.11558,49.74074074,0,43.8,0,0,0,0,0,5.5,148962.4723,99,0.321885402,99,0.723000284,0.873318557,0.369195758,MG_PV2030,0.321885402
35.13786,-15.49224,2.31608,14941,672.65592,8.82595,8.82595,4.45609,4.45693,4.45693,63.33333333,0,43.8,0,0,0,0,0,5.5,48463.34105,99,0.422283205,99,0.808576931,0.750973636,0.40819935,SA_PV2030,0.40819935
35.34095,-15.99375,2.31596,14589,2056.90266,1.85357,1.85357,0.52284,0.49033,0.49033,235.2083333,0,43.8,0,0,0,0,0,5.5,148195.1948,99,0.280634614,99,0.65970708,0.714102681,0.394906285,MG_PV2030,0.280634614
35.24708,-15.01996,2.30616,6553,330.44339,3.08501,3.08501,1.58506,1.57181,1.57181,46.81944444,0,43.8,0,0,0,0,0,5.5,23807.70054,99,0.496309625,99,0.896786106,0.723320295,0.388866771,SA_PV2030,0.388866771
35.0407,-15.31065,2.30113,10462,633.43288,16.34302,16.34302,8.43375,8.45204,8.45204,68.50925926,0,43.8,0,0,0,0,0,5.5,45637.40953,99,0.41829572,99,0.814236322,0.749297844,0.386767882,SA_PV2030,0.386767882
34.77776,-15.98983,2.29589,11462,1574.27519,0.03227,0.03227,1.3814,0.03187,0.03187,57.10185185,0,43.8,0,0,0,0,0,5.5,113422.9748,99,0.34577174,99,0.733338808,0.711588741,0.388292091,MG_PV2030,0.34577174
34.42757,-14.30189,2.29141,4373,3894.54322,1.65852,1.65852,5.8863,5.85172,5.85172,99,0,43.8,0,0,0,0,0,5.5,280593.0502,99,0.264322277,99,0.643822848,0.756001517,0.394708535,MG_PV2030,0.264322277
34.4097,-14.39551,2.29132,12987,2009.90341,1.44323,1.44323,1.7907,1.29762,1.29762,152.7083333,0,43.8,0,0,0,0,0,5.5,144809.0049,99,0.334312929,99,0.71887688,0.746783904,0.395699269,MG_PV2030,0.334312929
35.78913,-15.64191,2.29102,8290,1626.66418,57.09817,57.09817,3.94009,3.72312,3.72312,47.76666667,0,43.8,0,0,0,0,0,5.5,117197.4833,99,0.339784609,99,0.733158364,0.76521913,0.37950551,MG_PV2030,0.339784609
34.15248,-12.64365,2.28671,15971,1202.12203,0.03735,0.03735,2.64864,1.00192,1.00192,272.3743386,0,43.8,0,0,0,0,0,5.5,86610.17943,99,0.356850224,99,0.75591682,0.787006947,0.372334882,MG_PV2030,0.356850224
35.29422,-13.97771,2.28143,15635,818.44888,42.62958,42.62958,14.90854,13.21302,13.21302,72.78518519,0,43.8,0,0,0,0,0,5.5,58967.39481,99,0.405389314,99,0.790110832,0.816336081,0.414205436,MG_PV2030,0.405389314
35.20206,-16.00074,2.27816,14576,4582.48388,1.72821,1.72821,2.06619,1.40333,1.40333,342.7899306,0,43.8,0,0,0,0,0,5.5,330157.6223,99,0.266738109,99,0.638266633,0.710750594,0.40819935,MG_PV2030,0.266738109
33.48456,-14.02664,2.2764,15617,9021.06227,23.39853,11.03889,0.23248,0.16279,0.16279,242.4814815,0,43.8,0,0,0,0,0,5.5,649947.1787,99,0.244493678,99,0.625895001,0.704884566,0.382637352,MG_PV2030,0.244493678
33.62823,-13.44752,2.27381,15933,2286.74919,7.61269,7.61269,0.14486,0.04955,0.04955,123.4652778,0,43.8,0,0,0,0,0,5.5,164755.1186,99,0.32191552,99,0.709799052,0.720806354,0.384129115,MG_PV2030,0.32191552
35.43975,-15.27576,2.25828,15062,1456.47556,18.6585,18.6585,2.4122,2.4017,2.4017,165.8055556,0,43.8,0,0,0,0,0,5.5,104935.7773,99,0.351632568,99,0.737470116,0.708236653,0.392741876,MG_PV2030,0.351632568
34.7469,-14.79168,2.25339,15229,1251.31083,5.02454,5.02454,6.80691,6.80754,6.80754,110.8842593,0,43.8,0,0,0,0,0,5.5,90154.12147,99,0.360845707,99,0.750655316,0.761867545,0.390601063,MG_PV2030,0.360845707
35.24492,-15.41426,2.25334,14985,1339.55134,5.06561,5.06561,0.4421,0.10143,0.10143,210.5,0,43.8,0,0,0,0,0,5.5,96511.65108,99,0.363471377,99,0.742978311,0.69901904,0.407566155,MG_PV2030,0.363471377
34.71956,-14.34511,2.24351,15406,1010.48397,1.62507,1.62507,14.72786,14.65549,14.65549,81.59722222,0,43.8,0,0,0,0,0,5.5,72803.08968,99,0.370545208,99,0.76621771,0.730862115,0.377144949,MG_PV2030,0.370545208
35.0491,-15.67685,2.24317,14811,892.56928,3.65328,3.65328,1.61306,1.48281,1.48281,104.1527778,0,43.8,0,0,0,0,0,5.5,64307.60236,99,0.391969886,99,0.775603773,0.695666953,0.403601098,MG_PV2030,0.391969886
35.14727,-15.56471,2.23815,14866,2856.72336,3.01835,3.01835,0.59717,0.58867,0.58867,218.468254,0,43.8,0,0,0,0,0,5.5,205820.4713,99,0.276582443,99,0.649006316,0.709912446,0.407988066,MG_PV2030,0.276582443
33.7439,-13.75088,2.23365,2571,1708.50631,0.32932,0.32932,5.4164,5.35493,5.35493,115.9722222,0,43.8,0,0,0,0,0,5.5,123094.024,99,0.336434392,99,0.725937284,0.709074801,0.382266219,MG_PV2030,0.336434392
35.1687,-14.84473,2.21831,6031,4608.62081,4.809,4.809,0.34189,0.19657,0.19657,126.9166667,0,43.8,0,0,0,0,0,5.5,332040.7291,99,0.256927012,99,0.637864353,0.717454267,0.386957754,MG_PV2030,0.256927012
35.05224,-15.49431,2.21818,14939,776.04562,15.98707,15.98707,4.31184,3.42543,3.42543,102.2222222,0,43.8,0,0,0,0,0,5.5,55912.33562,99,0.400283216,99,0.788329253,0.714102681,0.397294831,SA_PV2030,0.397294831
35.03518,-14.25712,2.21076,13124,2231.88176,0.53662,0.53662,3.38675,3.23498,3.23498,99.42222222,0,43.8,0,0,0,0,0,5.5,160802.0441,99,0.314585952,99,0.710198166,0.735889995,0.367645963,MG_PV2030,0.314585952
34.4178,-13.73725,2.20581,10438,2337.92657,0.27377,0.27377,2.44215,2.51018,2.51018,204.0555556,0,43.8,0,0,0,0,0,5.5,168442.3334,99,0.310974187,99,0.707548159,0.737565788,0.365091683,MG_PV2030,0.310974187
35.53534,-16.04284,2.19018,14550,3263.78733,0.21641,0.21641,0.0408,0.11933,0.11933,260.5625,0,43.8,0,0,0,0,0,5.5,235148.5117,99,0.273492466,99,0.645436091,0.719130562,0.409259057,MG_PV2030,0.273492466
33.94824,-14.115,2.18075,13335,3535.34115,3.60583,3.60583,0.14758,0.15931,0.15931,230.7579365,0,43.8,0,0,0,0,0,5.5,254713.3516,99,0.261654123,99,0.642969416,0.708236653,0.386199385,MG_PV2030,0.261654123
35.18017,-15.70545,2.17522,14782,4534.72225,2.5944,2.5944,0.16359,0.03034,0.03034,137.1435185,0,43.8,0,0,0,0,0,5.5,326716.5046,99,0.268364405,99,0.637279327,0.704884566,0.413553486,MG_PV2030,0.268364405
34.61445,-14.60569,2.17061,12820,3744.05094,5.1402,5.1402,7.37893,7.38177,7.38177,216.7688492,0,43.8,0,0,0,0,0,5.5,269750.421,99,0.305008654,99,0.684789227,0.764381485,0.402159665,MG_PV2030,0.305008654
35.58323,-14.46936,2.17056,16614,2316.58284,4.45313,4.45313,0.36471,0.1065,0.1065,114.5555556,0,43.8,0,0,0,0,0,5.5,166904.5658,99,0.328993069,99,0.706755144,0.727510027,0.407566155,MG_PV2030,0.328993069
35.35716,-15.21213,2.17034,7002,6537.70423,7.36192,7.36192,0.08487,0.03812,0.03812,260.7777778,0,43.8,0,0,0,0,0,5.5,471026.8361,99,0.258895829,99,0.630141899,0.700694833,0.406515185,MG_PV2030,0.258895829
33.73772,-13.45468,2.16584,1769,2951.34738,18.26588,18.26588,0.80429,0.7228,0.7228,98.56944444,0,43.8,0,0,0,0,0,5.5,212637.9184,99,0.305348524,99,0.693865651,0.721644502,0.379871298,MG_PV2030,0.305348524
35.52625,-15.78335,2.16523,8749,3110.0498,32.40169,32.40169,2.07403,1.98467,1.98467,65.33333333,0,43.8,0,0,0,0,0,5.5,224072.0696,99,0.267018499,99,0.647099232,0.737565788,0.392350893,MG_PV2030,0.267018499
33.92186,-13.49369,2.16083,15916,1813.34831,27.67222,27.67222,0.3764,0.18852,0.18852,180.8472222,0,43.8,0,0,0,0,0,5.5,130647.6535,99,0.275027136,99,0.662285771,0.732537908,0.378049374,MG_PV2030,0.275027136
33.85493,-13.45745,2.1608,15930,2917.93287,29.87955,29.87955,2.42447,0.09876,0.09876,334.4768519,0,43.8,0,0,0,0,0,5.5,210230.4784,99,0.261572845,99,0.648424312,0.731700263,0.37642452,MG_PV2030,0.261572845
33.96582,-13.956,2.16071,16813,1191.36148,1.11654,1.11654,6.05564,6.07199,6.07199,231.9861111,0,43.8,0,0,0,0,0,5.5,85834.90609,99,0.355525398,99,0.749143506,0.711588741,0.377144949,MG_PV2030,0.355525398
34.97685,-14.17369,2.16061,10662,7432.51269,2.28713,2.28713,0.54024,0.46454,0.46454,65.58333333,0,43.8,0,0,0,0,0,5.5,535495.7663,99,0.240562518,99,0.628612047,0.717454267,0.368850231,MG_PV2030,0.240562518
35.52706,-14.87333,2.16049,12569,7782.11448,33.75878,33.75878,0.13813,0.18054,0.18054,200.1574074,0,43.8,0,0,0,0,0,5.5,560683.7864,99,0.247062997,99,0.62996622,0.768571218,0.385443982,MG_PV2030,0.247062997
34.82623,-15.52618,2.16033,7843,1030.0219,0.50609,0.50609,0.14238,0.14132,0.14132,87.61111111,0,43.8,0,0,0,0,0,5.5,74210.75344,99,0.297741399,99,0.683213932,0.722482147,0.385067388,MG_PV2030,0.297741399
34.98758,-16.46403,2.16,10178,2175.02969,0.05,0.05,6.71325,6.49146,6.49146,46.05555556,0,43.8,0,0,0,0,0,5.5,156705.9808,99,0.32266337,99,0.711028447,0.752649429,0.386010257,MG_PV2030,0.32266337
35.47051,-14.18167,2.15562,10442,1947.45211,20.93235,20.93235,2.64676,2.30511,2.30511,40.27777778,0,43.8,0,0,0,0,0,5.5,140309.5297,99,0.336991707,99,0.717546289,0.757677309,0.405678304,MG_PV2030,0.336991707
33.97533,-14.03807,2.14293,15610,4090.70464,5.37984,5.37984,2.51919,2.37452,2.37452,266.2400794,0,43.8,0,0,0,0,0,5.5,294726.0378,99,0.256552779,99,0.639932813,0.724158442,0.382266219,MG_PV2030,0.256552779
34.04102,-14.10072,2.12283,15575,1261.82311,0.49805,0.49805,2.56763,2.49694,2.49694,210.9305556,0,43.8,0,0,0,0,0,5.5,90911.50752,99,0.3526967,99,0.743945121,0.722482147,0.382637352,MG_PV2030,0.3526967
35.02314,-15.94686,2.12233,14631,4079.82429,7.10758,7.10758,0.80156,0.80156,0.80156,335.3333333,0,43.8,0,0,0,0,0,5.5,293942.1331,99,0.269198283,99,0.638788887,0.699856685,0.411824945,MG_PV2030,0.269198283
34.02693,-12.30284,2.11321,1034,3726.404,2.20269,2.20269,0.66945,0.55295,0.55295,265.1458333,0,43.8,0,0,0,0,0,5.5,268478.9988,99,0.261355857,0.516711353,0.643396201,0.766057278,0.389635662,MG_PV2030,0.261355857
35.79166,-15.92827,2.11234,10935,2118.08343,28.63024,28.63024,2.69235,2.57459,2.57459,247.25,0,43.8,0,0,0,0,0,5.5,152603.1312,99,0.331120365,99,0.711472951,0.757677309,0.4050529,MG_PV2030,0.331120365
34.20604,-10.7955,2.10856,481,1488.2093,17.89499,17.89499,2.18628,2.19181,2.19181,221.6041667,0,43.8,0,0,0,0,0,5.5,107222.1216,99,0.344454451,0.501755766,0.73445124,0.787006947,0.389443154,MG_PV2030,0.344454451
34.80035,-15.34947,2.10744,12199,2313.71818,8.23563,5.12605,4.31222,4.34655,4.34655,115.3111111,0,43.8,0,0,0,0,0,5.5,166698.1735,99,0.318491266,99,0.705450712,0.733376055,0.386578197,MG_PV2030,0.318491266
33.94709,-13.45607,2.10292,15931,1303.14437,30.66973,30.66973,1.5607,1.56206,1.56206,135.0833333,0,43.8,0,0,0,0,0,5.5,93888.61105,99,0.350702974,99,0.741592387,0.739242083,0.384503875,MG_PV2030,0.350702974
34.83108,-14.76293,2.09761,10457,1467.16581,0.03947,0.03947,2.07713,1.17364,1.17364,264,0,43.8,0,0,0,0,0,5.5,105705.9857,99,0.344686951,99,0.733591716,0.750973636,0.388675022,MG_PV2030,0.344686951
34.06543,-12.39868,2.08813,16995,2284.40191,1.84874,1.84874,0.9716,0.42723,0.42723,327.8888889,0,43.8,0,0,0,0,0,5.5,164586.0024,99,0.268812239,99,0.6555446,0.766057278,0.380972907,MG_PV2030,0.268812239
33.96669,-14.43704,2.0877,15348,1262.06384,28.34831,28.34831,3.42284,3.47309,3.47309,188.375,0,43.8,0,0,0,0,0,5.5,90928.85157,99,0.355924966,99,0.744178445,0.758515457,0.392741876,MG_PV2030,0.355924966
34.21745,-11.27239,2.07066,599,1652.54555,27.30565,27.30565,3.51392,3.35114,3.35114,38.31481482,0,43.8,0,0,0,0,0,5.5,119062.1776,99,0.338617445,0.574468105,0.724542479,0.741756023,0.393133638,MG_PV2030,0.338617445
33.80559,-14.12144,2.06997,13322,3578.22908,9.0416,9.0416,3.4421,3.42445,3.42445,201.9027778,0,43.8,0,0,0,0,0,5.5,257803.3302,99,0.259551793,99,0.641211116,0.701532981,0.384503875,MG_PV2030,0.259551793
35.31149,-15.89928,2.06454,16215,3390.25332,5.59679,5.59679,0.47202,0.47011,0.47011,215.875,0,43.8,0,0,0,0,0,5.5,244260.1009,99,0.265485386,99,0.642428668,0.702370625,0.395699269,MG_PV2030,0.265485386
34.36829,-14.15752,2.05992,15531,792.97234,9.94681,9.94681,10.04961,9.98853,9.98853,94.48611111,0,43.8,0,0,0,0,0,5.5,57131.86759,99,0.386562684,99,0.783264631,0.809632408,0.38469153,SA_PV2030,0.38469153
35.23983,-15.64347,2.05958,14832,1791.86367,10.30651,10.30651,1.47276,0.83936,0.83936,249.2678571,0,43.8,0,0,0,0,0,5.5,129099.7337,99,0.337212903,99,0.718485622,0.724996087,0.401340603,MG_PV2030,0.337212903
35.28751,-15.84806,2.05947,8913,3358.87969,5.85933,5.85933,1.58294,1.67369,1.67369,290.9781746,0,43.8,0,0,0,0,0,5.5,241999.7017,99,0.266757163,99,0.642793982,0.707398506,0.398298607,MG_PV2030,0.266757163
33.97159,-14.13064,2.04993,15551,3357.82408,4.63038,4.63038,0.66339,0.30566,0.30566,252.6111111,0,43.8,0,0,0,0,0,5.5,241923.6474,99,0.261430491,99,0.642795372,0.709912446,0.386199385,MG_PV2030,0.261430491
35.25693,-14.51206,2.0498,15311,3304.88371,3.51742,3.51742,0.23642,0.26704,0.26704,249.75,0,43.8,0,0,0,0,0,5.5,238109.4132,99,0.255170006,99,0.642482263,0.693153012,0.37093315,MG_PV2030,0.255170006
35.3165,-15.95386,2.04449,9174,3538.30127,3.33088,3.33088,1.62795,1.24646,1.24646,231.9861111,0,43.8,0,0,0,0,0,5.5,254926.6216,99,0.264283807,99,0.641698078,0.714102681,0.395500725,MG_PV2030,0.264283807
35.49126,-16.00831,2.04445,14572,7958.83391,3.13324,3.13324,0.2714,0.27171,0.27171,391.2534722,0,43.8,0,0,0,0,0,5.5,573416.0225,99,0.253185619,99,0.626608918,0.715778474,0.402159665,MG_PV2030,0.253185619
35.20591,-14.16062,2.03991,15517,5657.409,21.77463,21.77463,4.76308,2.01904,2.01904,144.8333333,0,43.8,0,0,0,0,0,5.5,407603.5514,99,0.243871369,99,0.633239409,0.740917876,0.36867771,MG_PV2030,0.243871369
34.89049,-16.54818,2.02927,14410,3001.39546,14.13793,14.13793,6.32995,5.99029,5.99029,86.04444444,0,43.8,0,0,0,0,0,5.5,216243.7696,99,0.309889184,99,0.691155719,0.750973636,0.39870154,MG_PV2030,0.309889184
35.125,-16.0227,2.01939,10474,343.58782,5.8153,5.8153,2.04957,2.07387,2.07387,149.4146825,0,43.8,0,0,0,0,0,5.5,24754.72706,99,0.48485926,99,0.871220531,0.702370625,0.415077906,SA_PV2030,0.415077906
34.72215,-15.13105,2.01689,12382,1703.54913,15.23355,15.23355,9.01918,9.0407,9.0407,71.28240741,0,43.8,0,0,0,0,0,5.5,122736.8704,99,0.339597863,99,0.723040334,0.792034827,0.402982078,MG_PV2030,0.339597863
34.73861,-12.07545,2.01255,15984,6349.96686,66.26687,66.26687,0.48213,0.57619,0.57619,64.55092593,0,43.8,0,0,0,0,0,5.5,457500.7823,99,0.241503995,0.478347481,0.639723928,0.954602791,0.367989236,MG_PV2030,0.241503995
33.67759,-13.44021,2.01227,13997,2303.1896,12.91228,12.91228,5.14603,4.68484,4.68484,114.1587302,0,43.8,0,0,0,0,0,5.5,165939.6131,99,0.314805898,99,0.703078673,0.730023967,0.382823188,MG_PV2030,0.314805898
34.29108,-13.60152,1.99718,10531,1735.99975,1.12836,1.12836,0.8028,0.80961,0.80961,159.4421296,0,43.8,0,0,0,0,0,5.5,125074.8644,99,0.324414358,99,0.719225494,0.741756023,0.371632694,MG_PV2030,0.324414358
33.99541,-13.9634,1.99715,3172,1689.02137,0.35091,0.35091,5.65937,5.682,5.682,87.89136905,0,43.8,0,0,0,0,0,5.5,121690.1781,99,0.328976945,99,0.719983752,0.719130562,0.378594113,MG_PV2030,0.328976945
33.891,-14.17979,1.9971,3948,3682.36835,12.12784,12.12784,7.72425,7.72175,7.72175,126.5297619,0,43.8,0,0,0,0,0,5.5,265306.3296,99,0.259609967,99,0.640211179,0.712426386,0.387719107,MG_PV2030,0.259609967
34.55276,-14.64734,1.997,15263,4376.06516,1.78996,1.78996,0.32713,0.11117,0.11117,53.39930556,0,43.8,0,0,0,0,0,5.5,315285.6193,99,0.258675898,99,0.640332131,0.804604528,0.393329812,MG_PV2030,0.258675898
34.95752,-15.96411,1.99666,14618,1439.50934,8.86113,8.86113,3.82356,3.60809,3.60809,119.625,0,43.8,0,0,0,0,0,5.5,103713.3994,99,0.350610484,99,0.730933106,0.735889995,0.406724945,MG_PV2030,0.350610484
35.48431,-15.79315,1.99173,11686,3290.33267,27.81684,27.81684,4.38318,4.38195,4.38195,73.77777778,0,43.8,0,0,0,0,0,5.5,237061.0436,99,0.263151537,99,0.643281765,0.726672382,0.390601063,MG_PV2030,0.263151537
35.42022,-15.7972,1.99163,14728,76.88221,21.3657,21.3657,7.70674,7.70674,7.70674,26,0,43.8,0,0,0,0,0,5.5,5539.18973,99,0.753921422,99,1.174987619,0.724158442,0.391376834,SA_PV2030,0.391376834
34.1694,-11.83398,1.98749,14194,4565.26766,0.61449,0.61449,0.07912,0.02449,0.02449,277.3194444,0,43.8,0,0,0,0,0,5.5,328917.2325,99,0.254315927,99,0.636105188,0.724158442,0.385255593,MG_PV2030,0.254315927
34.01581,-12.19568,1.98248,14160,2261.46018,1.89374,1.89374,0.50459,0.17458,0.17458,41.48148148,0,43.8,0,0,0,0,0,5.5,162933.1025,99,0.324316356,0.517880751,0.704113527,0.750973636,0.404429422,MG_PV2030,0.324316356
34.92827,-14.67947,1.98183,12747,2011.50102,14.11241,14.11241,5.46479,4.28632,4.28632,102.9027778,0,43.8,0,0,0,0,0,5.5,144924.1091,99,0.324152278,99,0.710169771,0.742593668,0.3904076,MG_PV2030,0.324152278
34.32005,-13.2012,1.97721,1481,3187.78671,1.68824,1.68824,0.63956,0.14518,0.14518,205.1209491,0,43.8,0,0,0,0,0,5.5,229672.8386,99,0.252790239,0.534107785,0.645460739,0.766057278,0.365430201,MG_PV2030,0.252790239
34.72324,-14.52854,1.96687,12876,1354.30139,4.87719,4.87719,5.18887,4.44192,4.44192,128.2083333,0,43.8,0,0,0,0,0,5.5,97574.35889,99,0.343384441,99,0.736373445,0.792872472,0.383381782,MG_PV2030,0.343384441
34.58579,-14.34801,1.96195,4557,2337.81049,5.57629,5.57629,2.4152,2.33535,2.33535,207.625,0,43.8,0,0,0,0,0,5.5,168433.9701,99,0.313906667,99,0.702297719,0.76270519,0.385255593,MG_PV2030,0.313906667
35.55987,-15.62842,1.96158,11874,2874.50927,36.58222,36.58222,3.66993,2.31283,2.31283,65.72222222,0,43.8,0,0,0,0,0,5.5,207101.906,99,0.307542644,99,0.691144781,0.740079728,0.392350893,MG_PV2030,0.307542644
34.8462,-15.97843,1.95888,14592,1401.34025,7.51257,7.51257,4.37417,3.92613,3.92613,52.92592593,0,43.8,0,0,0,0,0,5.5,100963.4026,99,0.344200648,99,0.731796379,0.744269964,0.390794717,MG_PV2030,0.344200648
34.58987,-14.60018,1.95685,12824,3208.2953,2.52352,2.52352,5.43975,4.94464,4.94464,130.9027778,0,43.8,0,0,0,0,0,5.5,231150.4362,99,0.308852771,99,0.68721849,0.769409365,0.406305641,MG_PV2030,0.308852771
34.2722,-14.13034,1.95193,16747,987.99328,5.49483,5.49483,3.15239,1.9824,1.9824,42.63492064,0,43.8,0,0,0,0,0,5.5,71182.68622,99,0.364633602,99,0.757304049,0.747621549,0.383942009,MG_PV2030,0.364633602
35.01502,-15.86386,1.94884,11612,5227.17573,0.85942,0.85942,0.86137,0.92981,0.92981,165.2743056,0,43.8,0,0,0,0,0,5.5,376606.2152,99,0.26535408,99,0.631996498,0.695666953,0.417054468,MG_PV2030,0.26535408
35.1955,-15.42832,1.94389,14979,1398.33354,8.31574,8.31574,3.01991,3.01388,3.01388,128.7976191,0,43.8,0,0,0,0,0,5.5,100746.7759,99,0.353140787,99,0.73056939,0.723320295,0.412255724,MG_PV2030,0.353140787
34.81432,-14.48325,1.93412,15320,2385.80343,16.43178,16.43178,15.65339,15.27718,15.27718,31.91111111,0,43.8,0,0,0,0,0,5.5,171891.7531,99,0.313078217,99,0.700648825,0.766057278,0.387147811,MG_PV2030,0.313078217
35.02855,-14.5478,1.93408,10760,1418.96181,19.54938,19.54938,1.95673,0.92797,0.92797,193.5277778,0,43.8,0,0,0,0,0,5.5,102232.9962,99,0.342982897,99,0.729358613,0.725834235,0.391571259,MG_PV2030,0.342982897
35.34055,-15.30536,1.93388,15050,869.07748,9.08618,9.08618,2.04657,2.12814,2.12814,50.875,0,43.8,0,0,0,0,0,5.5,62615.07118,99,0.39338882,99,0.765209332,0.701532981,0.429554738,MG_PV2030,0.39338882
35.60627,-15.75075,1.9338,14751,1830.68604,33.37374,33.37374,0.84094,0.92293,0.92293,152.5185185,0,43.8,0,0,0,0,0,5.5,131896.7979,99,0.330385825,99,0.714441243,0.749297844,0.396296101,MG_PV2030,0.330385825
33.7084,-13.58682,1.92923,13892,1022.5486,9.21208,9.21208,3.70966,2.97543,2.97543,207.9166667,0,43.8,0,0,0,0,0,5.5,73672.31904,99,0.360474076,99,0.752468446,0.718292414,0.382080923,MG_PV2030,0.360474076
33.96711,-14.23793,1.92914,4158,2938.6508,18.3823,18.3823,5.19299,5.20062,5.20062,131.4107143,0,43.8,0,0,0,0,0,5.5,211723.1585,99,0.304457806,99,0.688796119,0.726672382,0.389058709,MG_PV2030,0.304457806
34.25549,-12.95247,1.9244,10431,3167.98845,1.0276,1.0276,1.83434,1.75829,1.75829,128.8815476,0,43.8,0,0,0,0,0,5.5,228246.4186,99,0.253298068,99,0.645827942,0.787006947,0.367645963,MG_PV2030,0.253298068
33.95075,-13.79342,1.92425,15744,2447.97515,0.15495,0.15495,2.50806,1.87783,1.87783,204.6944444,0,43.8,0,0,0,0,0,5.5,176371.0852,99,0.263792262,99,0.649230727,0.713264534,0.378230779,MG_PV2030,0.263792262
34.40674,-14.14391,1.92421,3773,1894.68225,11.18799,11.18799,12.8166,12.42678,12.42678,205.0694444,0,43.8,0,0,0,0,0,5.5,136507.5804,99,0.324003177,99,0.716274506,0.849855451,0.386388698,MG_PV2030,0.324003177
34.00566,-14.08405,1.92421,3550,2057.22102,1.30169,1.30169,0.12163,0.0566,0.0566,156.3972222,0,43.8,0,0,0,0,0,5.5,148218.132,99,0.318444817,99,0.706591445,0.725834235,0.383381782,MG_PV2030,0.318444817
34.57859,-14.57751,1.92404,5292,2505.88966,1.45458,1.45458,4.56499,4.57589,4.57589,204.8078704,0,43.8,0,0,0,0,0,5.5,180543.695,99,0.320021317,99,0.698214794,0.773599098,0.409046676,MG_PV2030,0.320021317
34.97872,-16.57511,1.92365,14402,2976.45512,10.03242,10.03242,5.0191,4.27745,4.27745,40.09259259,0,43.8,0,0,0,0,0,5.5,214446.8744,99,0.306668972,99,0.688900814,0.746783904,0.395699269,MG_PV2030,0.306668972
34.95782,-13.72323,1.9193,13762,732.71848,40.15737,40.15737,9.55175,9.56217,9.56217,28.53333333,0,43.8,0,0,0,0,0,5.5,52790.71296,99,0.379450336,99,0.786150403,0.861587004,0.366619974,SA_PV2030,0.366619974
33.56444,-13.7281,1.91418,10556,4077.62137,9.97505,9.97505,4.66396,4.44065,4.44065,216.4861111,0,43.8,0,0,0,0,0,5.5,293783.4177,99,0.255959103,99,0.638545869,0.746783904,0.385821314,MG_PV2030,0.255959103
33.45417,-14.16143,1.91417,15516,1735.0974,39.78479,26.30844,6.19629,3.59643,3.59643,86.23214286,0,43.8,0,0,0,0,0,5.5,125009.8521,99,0.328219261,99,0.716422829,0.735051848,0.385821314,MG_PV2030,0.328219261
33.81257,-13.52763,1.90923,13939,1748.35156,22.37833,22.37833,6.36334,6.36334,6.36334,219.0972222,0,43.8,0,0,0,0,0,5.5,125964.7844,99,0.324063154,99,0.715679125,0.731700263,0.377506199,MG_PV2030,0.324063154
35.66742,-14.62201,1.90901,5384,753.76808,22.0309,22.0309,3.97297,3.96014,3.96014,32.38425926,0,43.8,0,0,0,0,0,5.5,54307.28913,99,0.391105464,99,0.780441806,0.797062707,0.400118246,MG_PV2030,0.391105464
34.73899,-14.72195,1.90898,10764,2551.48675,5.78889,5.78889,6.64073,5.81116,5.81116,79.21319444,0,43.8,0,0,0,0,0,5.5,183828.8624,99,0.310194926,99,0.697139502,0.778626978,0.389058709,MG_PV2030,0.310194926
35.27234,-15.70091,1.9088,8479,2126.63478,11.82291,11.82291,2.23999,2.01874,2.01874,191.5972222,0,43.8,0,0,0,0,0,5.5,153219.2367,99,0.324056461,99,0.704451993,0.728348175,0.401136358,MG_PV2030,0.324056461
33.70323,-13.49169,1.90423,15917,1844.29513,13.09175,13.09175,2.11731,1.95732,1.95732,227.5694444,0,43.8,0,0,0,0,0,5.5,132877.3021,99,0.322695863,99,0.712603032,0.736728143,0.381341531,MG_PV2030,0.322695863
33.44548,-13.99866,1.9041,13483,3907.7624,20.42657,8.85265,2.8716,0.48323,0.48323,233.5972222,0,43.8,0,0,0,0,0,5.5,281545.4623,99,0.255052428,99,0.637982034,0.714102681,0.382080923,MG_PV2030,0.255052428
34.58318,-14.84389,1.90394,6017,609.61802,8.53224,8.53224,3.4149,0.64911,0.64911,113.6,0,43.8,0,0,0,0,0,5.5,43921.60261,99,0.406425279,99,0.800011091,0.787006947,0.392937659,SA_PV2030,0.392937659
32.89146,-13.79498,1.89417,16862,16279.17093,0.23464,0.23464,0.13848,0.09082,0.09082,257.7777778,0,43.8,0,0,0,0,0,5.5,1172877.528,99,0.236566425,99,0.617856277,0.744269964,0.384879367,MG_PV2030,0.236566425
34.2052,-10.36853,1.872,372,1767.12525,0.05624,0.05624,0.65357,0.12719,0.12719,42.37592593,0,43.8,0,0,0,0,0,5.5,127317.3864,99,0.265834726,99,0.659820246,0.763543337,0.364753792,MG_PV2030,0.265834726
33.97504,-13.50961,1.87141,1898,1479.09053,23.46836,23.46836,5.97623,5.77536,5.77536,90.83333333,0,43.8,0,0,0,0,0,5.5,106565.1348,99,0.338596996,99,0.725230261,0.743431816,0.391765877,MG_PV2030,0.338596996
34.06502,-13.88982,1.87136,15677,2403.85587,11.6313,11.6313,13.8774,13.90791,13.90791,86.42777778,0,43.8,0,0,0,0,0,5.5,173192.3906,99,0.306237063,99,0.699623453,0.791196679,0.375706837,MG_PV2030,0.306237063
35.64753,-14.42431,1.87127,4875,1789.5151,2.37033,2.37033,4.60025,4.51119,4.51119,55.15740741,0,43.8,0,0,0,0,0,5.5,128930.5246,99,0.331847321,99,0.71306426,0.730023967,0.400932322,MG_PV2030,0.331847321
35.7945,-15.22732,1.87108,15089,1013.24132,53.53602,53.53602,27.77953,27.74011,27.74011,241.0833333,0,43.8,0,0,0,0,0,5.5,73001.75052,99,0.354494411,99,0.751863644,0.744269964,0.371807993,MG_PV2030,0.354494411
34.83452,-15.16694,1.87108,12365,838.43358,3.97056,3.97056,4.67745,4.73071,4.73071,112.5259259,0,43.8,0,0,0,0,0,5.5,60407.24734,99,0.37568449,99,0.767199714,0.744269964,0.388100908,MG_PV2030,0.37568449
35.62662,-16.01933,1.8709,11411,1839.313,8.33711,8.33711,3.50112,3.50112,3.50112,263.1388889,0,43.8,0,0,0,0,0,5.5,132518.3509,99,0.351447162,99,0.711434892,0.729186323,0.449648,MG_PV2030,0.351447162
35.20949,-15.41357,1.86605,14994,1140.94918,8.14031,8.14031,2.46997,2.30878,2.30878,228.7638889,0,43.8,0,0,0,0,0,5.5,82202.81364,99,0.360307154,99,0.741194788,0.705722713,0.404637035,MG_PV2030,0.360307154
33.63754,-13.46902,1.86138,1807,1948.3207,7.55461,7.55461,0.31202,0.04054,0.04054,78.375,0,43.8,0,0,0,0,0,5.5,140372.1097,99,0.271194169,99,0.654939918,0.719968207,0.383755085,MG_PV2030,0.271194169
34.60155,-14.3492,1.8613,13017,1070.68138,5.76488,5.76488,3.86638,3.78242,3.78242,68.75,0,43.8,0,0,0,0,0,5.5,77140.17722,99,0.354542621,99,0.748366664,0.771085158,0.381710869,MG_PV2030,0.354542621
35.69063,-15.75583,1.86092,14747,2173.71036,35.47984,35.47984,1.63989,1.61653,1.61653,144.2291667,0,43.8,0,0,0,0,0,5.5,156610.926,99,0.320161157,99,0.703099681,0.756839664,0.397495181,MG_PV2030,0.320161157
33.53157,-14.0292,1.8564,13464,2185.59507,26.66765,10.29837,0.61819,0.6006,0.6006,162.5833333,0,43.8,0,0,0,0,0,5.5,157467.1926,99,0.2677915,99,0.65139464,0.714940326,0.383009205,MG_PV2030,0.2677915
34.6158,-14.35289,1.85624,4605,1752.27736,4.81718,4.81718,5.25261,4.83161,4.83161,136.5972222,0,43.8,0,0,0,0,0,5.5,126247.6294,99,0.324150465,99,0.714915302,0.756839664,0.38152611,MG_PV2030,0.324150465
34.88891,-15.22461,1.85601,12319,5117.65246,0.85789,0.85789,0.2063,0.05323,0.05323,159.5972222,0,43.8,0,0,0,0,0,5.5,368715.3107,99,0.250650659,99,0.632967118,0.731700263,0.384129115,MG_PV2030,0.250650659
33.96213,-13.47011,1.85137,1805,2227.82997,28.99832,28.99832,3.57185,2.86063,2.86063,81.59722222,0,43.8,0,0,0,0,0,5.5,160510.1218,99,0.314998098,99,0.701137163,0.746783904,0.388866771,MG_PV2030,0.314998098
34.7544,-14.87138,1.85115,15191,1825.50599,1.93396,1.93396,0.50358,0.02471,0.02471,234.8865741,0,43.8,0,0,0,0,0,5.5,131523.587,99,0.276712715,99,0.657701754,0.744269964,0.392741876,MG_PV2030,0.276712715
35.65278,-15.71126,1.85089,14783,416.85034,38.73861,38.73861,2.9502,1.96494,1.96494,29.04166667,0,43.8,0,0,0,0,0,5.5,30033.12629,99,0.445240919,0.550776355,0.83891202,0.793710619,0.400321455,SA_PV2030,0.400321455
33.55728,-13.74258,1.84629,16877,2675.71097,8.34731,8.34731,6.26386,6.03741,6.03741,222.8194444,0,43.8,0,0,0,0,0,5.5,192778.9371,99,0.30495529,99,0.692111967,0.750973636,0.385255593,MG_PV2030,0.30495529
34.3941,-14.11367,1.84623,16751,1484.40362,12.53782,12.53782,13.44424,13.11506,13.11506,114.0104167,0,43.8,0,0,0,0,0,5.5,106947.931,99,0.333162596,99,0.729719559,0.880022733,0.38152611,MG_PV2030,0.333162596
33.63566,-13.97618,1.80344,10440,2568.77894,14.93742,2.29606,0.50586,0.06402,0.06402,180.4166667,0,43.8,0,0,0,0,0,5.5,185074.7257,99,0.263332377,99,0.645734229,0.69901904,0.383381782,MG_PV2030,0.263332377
35.31221,-15.92321,1.79301,9087,1194.36007,4.46757,4.46757,2.66411,1.73977,1.73977,129.2916667,0,43.8,0,0,0,0,0,5.5,86050.94773,99,0.351079486,99,0.73513493,0.706560861,0.396296101,MG_PV2030,0.351079486
34.2073,-10.51357,1.78898,17035,1607.34293,1.92145,1.92145,0.59051,0.11364,0.11364,151.8148148,0,43.8,0,0,0,0,0,5.5,115805.4308,99,0.273163066,0.438937426,0.661086888,0.756839664,0.378412359,MG_PV2030,0.273163066
34.10628,-14.43149,1.7883,15369,1403.75333,16.49218,16.49218,5.51131,5.55783,5.55783,173.2638889,0,43.8,0,0,0,0,0,5.5,101137.2596,99,0.340103448,99,0.72625077,0.757677309,0.394313629,MG_PV2030,0.340103448
35.08799,-14.63921,1.78823,15268,786.08109,12.88219,12.88219,9.95461,9.90441,9.90441,42.40277778,0,43.8,0,0,0,0,0,5.5,56635.36858,99,0.377193473,99,0.770170977,0.776951186,0.388100908,MG_PV2030,0.377193473
35.51304,-15.39011,1.78807,7462,1128.90407,20.00007,20.00007,1.58451,1.47638,1.47638,171.5902778,0,43.8,0,0,0,0,0,5.5,81334.99064,99,0.35110541,99,0.739225129,0.714102681,0.388292091,MG_PV2030,0.35110541
33.91248,-13.47371,1.78341,1819,948.51593,30.08669,30.08669,2.10624,1.71064,1.71064,374.7638889,0,43.8,0,0,0,0,0,5.5,68338.43224,99,0.358013832,99,0.753329897,0.745945756,0.376964584,MG_PV2030,0.358013832
35.29265,-14.7996,1.78326,15224,459.51925,8.70808,8.70808,9.53591,9.49693,9.49693,45.58333333,0,43.8,0,0,0,0,0,5.5,33107.32496,99,0.424100539,99,0.821744291,0.755163369,0.38469153,SA_PV2030,0.38469153
35.00301,-14.82216,1.78321,10459,3433.30752,12.58998,12.58998,0.37016,0.40607,0.40607,111.1527778,0,43.8,0,0,0,0,0,5.5,247362.0589,99,0.260070899,99,0.640603462,0.745107608,0.390794717,MG_PV2030,0.260070899
35.34188,-15.09258,1.78315,6695,2296.07847,9.06427,9.06427,3.51644,2.83168,2.83168,51.49722222,0,43.8,0,0,0,0,0,5.5,165427.2722,99,0.313409128,99,0.696798388,0.724996087,0.392546287,MG_PV2030,0.313409128
34.78094,-15.56135,1.778,11980,1096.0714,0.07785,0.07785,0.19291,0.09288,0.09288,116.5,0,43.8,0,0,0,0,0,5.5,78969.47086,99,0.288596787,99,0.673177697,0.732537908,0.386199385,MG_PV2030,0.288596787
34.53173,-13.80041,1.40613,2716,1311.47921,7.25039,7.25039,3.38759,3.45463,3.45463,177.1706349,0,43.8,0,0,0,0,0,5.5,94489.11746,99,0.315387521,99,0.71541665,0.751811784,0.359759445,MG_PV2030,0.315387521
34.16922,-14.22438,1.40607,15457,656.59396,1.99486,1.99486,2.32932,2.09493,2.09493,224.4670139,0,43.8,0,0,0,0,0,5.5,47306.11308,99,0.373486645,99,0.763631886,0.741756023,0.3904076,MG_PV2030,0.373486645
35.62793,-14.48871,1.40603,5064,3668.97676,6.87471,6.87471,2.34953,2.35214,2.35214,51.16825397,0,43.8,0,0,0,0,0,5.5,264341.4958,99,0.259378058,99,0.634316435,0.740079728,0.402159665,MG_PV2030,0.259378058
34.97738,-14.72123,1.40599,12714,2480.96263,15.91777,15.91777,0.89828,0.87096,0.87096,115.762963,0,43.8,0,0,0,0,0,5.5,178747.7587,99,0.262179151,99,0.642456906,0.743431816,0.391571259,MG_PV2030,0.262179151
33.73302,-14.15507,1.32817,15535,1842.7938,17.28054,17.28054,1.63616,1.52637,1.52637,250.25,0,43.8,0,0,0,0,0,5.5,132769.1347,99,0.3070349,99,0.69261562,0.712426386,0.385632556,MG_PV2030,0.3070349
33.90768,-14.16214,1.32813,15524,1247.36432,9.77296,9.77296,5.1013,5.09152,5.09152,227.5833333,0,43.8,0,0,0,0,0,5.5,89869.78433,99,0.326939818,99,0.713639473,0.718292414,0.387338056,MG_PV2030,0.326939818
34.41363,-14.12247,1.06168,15563,500.17335,10.42748,10.42748,11.51943,11.27522,11.27522,58.02579365,0,43.8,0,0,0,0,0,5.5,36036.36113,99,0.370257183,99,0.768101912,0.869128825,0.384503875,MG_PV2030,0.370257183
33.94561,-13.70895,1.06162,13781,1783.44322,8.30007,8.30007,3.64089,3.08443,3.08443,260.0511574,0,43.8,0,0,0,0,0,5.5,128493.0593,99,0.260318362,99,0.64255084,0.718292414,0.384879367,MG_PV2030,0.260318362
34.87831,-14.93584,0.93078,12506,5772.75103,0.35388,0.35388,0.32706,0.04105,0.04105,344.265873,0,43.8,0,0,0,0,0,5.5,415913.6843,99,0.24121212,99,0.62109597,0.735051848,0.387909913,MG_PV2030,0.24121212
34.61548,-14.728,0.93078,12705,1020.63404,4.45352,4.45352,5.03799,4.60427,4.60427,125.2083333,0,43.8,0,0,0,0,0,5.5,73534.37931,99,0.323883525,99,0.706852165,0.766057278,0.398903312,MG_PV2030,0.323883525
34.79501,-14.41076,0.93078,4769,1076.31687,8.24427,8.24427,17.65995,17.19466,17.19466,55.66666667,0,43.8,0,0,0,0,0,5.5,77546.20156,99,0.314789307,99,0.702878245,0.738403936,0.383942009,MG_PV2030,0.314789307
34.72939,-14.62619,0.93077,15279,838.58883,0.55518,0.55518,1.71091,1.47808,1.47808,139.962963,0,43.8,0,0,0,0,0,5.5,60418.43276,99,0.32929229,99,0.717983758,0.764381485,0.387528488,MG_PV2030,0.32929229
33.96042,-14.38358,0.93076,4670,1092.14413,26.59509,26.59509,5.0655,0.15441,0.15441,120.6944444,0,43.8,0,0,0,0,0,5.5,78686.51992,99,0.317547863,99,0.70279322,0.755163369,0.391960688,MG_PV2030,0.317547863
35.04156,-15.5252,0.93068,14920,566.788,14.75622,14.75622,1.38896,1.45225,1.45225,181.0069444,0,43.8,0,0,0,0,0,5.5,40835.79633,99,0.357570923,99,0.741620238,0.709074801,0.397695734,MG_PV2030,0.357570923
35.35649,-15.82718,0.93067,11647,1427.83521,13.63248,13.63248,2.66469,1.5183,1.5183,99.75357143,0,43.8,0,0,0,0,0,5.5,102872.3047,99,0.305495026,99,0.688091757,0.717454267,0.392155694,MG_PV2030,0.305495026
34.91618,-15.90092,0.93063,9054,1668.25724,2.05408,2.05408,2.02317,1.65563,1.65563,180.4166667,0,43.8,0,0,0,0,0,5.5,120194.1694,99,0.265111602,99,0.641110488,0.719130562,0.399105288,MG_PV2030,0.265111602
33.59709,-13.59259,0.9259,15865,2318.36983,2.20447,2.20447,5.82464,5.13402,5.13402,214.0555556,0,43.8,0,0,0,0,0,5.5,167033.3144,99,0.252535168,99,0.635328734,0.745945756,0.38469153,MG_PV2030,0.252535168
34.13876,-13.78096,0.92586,2640,1822.28086,6.49996,6.49996,0.14713,0.07487,0.07487,99.20833333,0,43.8,0,0,0,0,0,5.5,131291.2236,99,0.25546707,99,0.639344146,0.725834235,0.38115713,MG_PV2030,0.25546707
34.81111,-14.64555,0.80498,5435,1671.78525,5.63384,5.63384,4.27337,4.09863,4.09863,239.1203704,0,43.8,0,0,0,0,0,5.5,120448.3545,99,0.25644223,99,0.639754351,0.763543337,0.385821314,MG_PV2030,0.25644223
35.7153,-14.9698,0.7271,6424,185.71307,53.74263,53.74263,1.90682,0.89578,0.89578,41.44126984,0,43.8,0,0,0,0,0,5.5,13380.20759,99,0.420588865,99,0.823797462,0.781140919,0.374457456,SA_PV2030,0.374457456
34.27501,-12.85891,0.68439,15965,1861.21319,3.54731,3.54731,3.40337,3.46458,3.46458,399.8657407,0,43.8,0,0,0,0,0,5.5,134096.2101,99,0.244421842,0.489733644,0.635612923,0.790358532,0.369195758,MG_PV2030,0.244421842
33.94447,-14.06566,0.68436,13408,349.74433,1.57285,1.57285,1.53512,1.52452,1.52452,86.74444444,0,43.8,0,0,0,0,0,5.5,25198.28971,99,0.363765459,99,0.754723728,0.703208773,0.383568343,MG_PV2030,0.363765459
34.22478,-13.92374,0.68436,13575,186.52493,20.00459,20.00459,12.16248,12.11868,12.11868,43.40277778,0,43.8,0,0,0,0,0,5.5,13438.70028,99,0.417743438,99,0.818530627,0.828067634,0.383195403,SA_PV2030,0.383195403
33.96281,-13.6528,0.68436,2231,1212.15941,11.50942,11.50942,2.73268,2.40011,2.40011,143.4722222,0,43.8,0,0,0,0,0,5.5,87333.35001,99,0.297547056,99,0.682006687,0.724158442,0.387338056,MG_PV2030,0.297547056
33.66632,-13.82535,0.68434,2769,139.10388,0.45542,0.45542,8.58234,8.58412,8.58412,204.4861111,0,43.8,0,0,0,0,0,5.5,10022.12064,99,0.449208584,99,0.847880142,0.704884566,0.382637352,SA_PV2030,0.382637352
35.48385,-14.30424,0.68431,16670,1717.49009,13.44103,13.44103,5.03374,5.07184,5.07184,105.4074074,0,43.8,0,0,0,0,0,5.5,123741.2851,99,0.261571496,99,0.6345654,0.728348175,0.405678304,MG_PV2030,0.261571496
34.99257,-15.46639,0.68421,14960,750.61412,16.26723,16.26723,3.12793,2.62747,2.62747,95.34722222,0,43.8,0,0,0,0,0,5.5,54080.05343,99,0.320269034,99,0.704670139,0.713264534,0.390601063,MG_PV2030,0.320269034
34.77734,-14.83821,0.67919,6026,1833.99994,2.56269,2.56269,3.04708,2.86394,2.86394,145.2031746,0,43.8,0,0,0,0,0,5.5,132135.5569,99,0.253883033,99,0.6340305,0.748459696,0.390794717,MG_PV2030,0.253883033
35.31223,-15.79088,0.67918,8758,325.62017,11.14999,11.14999,3.93607,3.91559,3.91559,156.8888889,0,43.8,0,0,0,0,0,5.5,23460.19842,99,0.373426539,99,0.760840605,0.726672382,0.394906285,MG_PV2030,0.373426539
35.30057,-15.78681,0.67918,8745,485.87305,10.22515,10.22515,2.76286,2.75048,2.75048,168.1666667,0,43.8,0,0,0,0,0,5.5,35006.05678,99,0.34615003,99,0.731042974,0.725834235,0.395302379,MG_PV2030,0.34615003
35.13841,-16.00538,0.67916,9289,271.57965,3.38875,3.38875,0.35264,0.12772,0.12772,158.5639881,0,43.8,0,0,0,0,0,5.5,19566.70091,99,0.317598256,99,0.690531394,0.706560861,0.413987891,MG_PV2030,0.317598256
35.25782,-15.72935,0.67916,8563,1129.71722,8.96623,8.96623,2.59655,2.59695,2.59695,102.9890873,0,43.8,0,0,0,0,0,5.5,81393.57627,99,0.30727226,99,0.684662164,0.722482147,0.404014836,MG_PV2030,0.30727226
35.64959,-15.6438,0.67915,8301,868.61065,45.29544,45.29544,1.89825,1.33809,1.33809,76.33333333,0,43.8,0,0,0,0,0,5.5,62581.43714,99,0.313553237,99,0.697925158,0.744269964,0.392155694,MG_PV2030,0.313553237
34.83985,-16.40625,0.67911,10112,1549.2058,8.11974,8.11974,1.84801,0.43103,0.43103,11.21296296,0,43.8,0,0,0,0,0,5.5,111616.7818,99,0.289936151,99,0.672235978,0.733376055,0.391376834,MG_PV2030,0.289936151
